id_country,Year,Score,GDP,Social support,Healthy life expectancy,Freedom,Generosity,Perceptions of corruption,Confidence in national government
5,2006,7.1222114560000005,10.64822578,0.936350405,70.01869965,0.9413823490000001,,,0.497037798
5,2008,7.180953979,10.69278336,0.9345927829999999,70.5018692,0.879069269,,,0.257242203
5,2010,7.302678585,10.66813183,0.9141933320000001,70.63227844,0.8959797620000001,,,0.48644661899999997
5,2011,7.470512867,10.69245338,0.944156826,70.98503876,0.9393556120000001,,,0.406920105
5,2012,7.400688647999999,10.69543934,0.9451423879999999,70.94441223,0.919703901,,,0.376573861
5,2013,7.498802662,10.69280529,0.9498091940000001,70.90379333,0.921734452,,,0.417099237
5,2014,6.9499998089999995,10.68985462,0.8989204759999999,70.86317444,0.8850268720000001,,,0.40769541299999995
5,2015,7.07644701,10.6913538,0.9281103009999999,70.82255554,0.900305152,,,0.454789877
5,2016,7.119,1.450382471,1.083832502,0.8056452270000001,0.543551922,0.328647077,0.21348357199999998,
5,2017,7.006,1.4869999999999999,1.46,0.815,0.568,0.316,0.221,
5,2018,7.138999999999999,1.341,1.504,0.8909999999999999,0.617,0.242,0.22399999999999998,
7,2005,7.262290478,10.58393764,0.934874713,70.09518433,0.9238430259999999,,,0.5517050029999999
7,2007,7.218839645,10.62809658,0.9216027859999999,70.80735016,0.900870383,,,0.602238297
7,2008,7.116590977,10.62763977,0.92297703,70.71643066,0.8870267270000001,,,0.46313706
7,2010,6.853514194,10.6116724,0.930570185,71.20780182,0.806930244,,,0.33651647
7,2011,7.111363888,10.61787605,0.9369554520000001,71.51950836,0.880153596,,,0.289129466
7,2012,6.935122012999999,10.61212635,0.92711705,71.3420105,0.8552666309999999,,,0.44011718
7,2013,7.10366106,10.60740089,0.9091861840000001,71.3420105,0.8907110690000001,,,0.554124534
7,2014,6.855329037000001,10.61701012,0.9435491559999999,71.3420105,0.86095351,,,0.46911162100000003
7,2015,6.904219151,10.62617779,0.885208845,71.3420105,0.869474947,,,0.459024221
7,2016,6.928999999999999,1.4253904819999998,1.052487135,0.819593668,0.513537586,0.242399335,0.26247578899999996,
7,2017,6.891,1.464,1.462,0.818,0.54,0.23199999999999998,0.251,
7,2018,6.9270000000000005,1.324,1.483,0.894,0.583,0.188,0.24,
6,2005,8.01893425,10.69011307,0.9723715190000001,68.11341095,0.97113502,,,0.66868329
6,2007,7.834233284,10.72786713,0.9542011020000001,68.42073059,0.932086229,,,0.592505932
6,2008,7.970891953,10.71478558,0.9539117220000001,68.64054871,0.969788373,,,0.665933907
6,2009,7.683358668999999,10.65721607,0.93889159,68.77286529999999,0.949335575,,,0.626578152
6,2010,7.770515442000001,10.66889477,0.9749770759999999,69.21250153,0.943630815,,,0.586689413
6,2011,7.78823185,10.67623234,0.961736143,69.82499695,0.9347601529999999,,,0.471823335
6,2012,7.519909382000001,10.66589642,0.951437175,70.04481506,0.932627916,,,0.534252763
6,2013,7.588606834,10.65685272,0.9647079709999999,70.26463318,0.920254648,,,0.391405106
6,2014,7.507559298999999,10.66330051,0.956344306,70.48445129,0.941572249,,,0.457836896
6,2015,7.5144248010000005,10.67642689,0.9597013000000001,70.70426941,0.94143641,,,0.579888642
6,2016,7.526,1.4417843819999998,1.163744926,0.7950401309999999,0.57941258,0.361709565,0.444532186,
6,2017,7.522,1.482,1.551,0.7929999999999999,0.626,0.355,0.401,
6,2018,7.555,1.351,1.59,0.868,0.6829999999999999,0.284,0.408,
3,2005,7.093392849,10.50214291,0.940338254,70.38739014,0.89481926,,,0.324883521
3,2006,6.582700253,10.51864243,0.943929076,70.95704651,0.789120734,,,0.361352921
3,2008,7.008064747000001,10.5321579,0.935350597,71.31040955,0.833327115,,,0.452659398
3,2009,6.2834982870000005,10.497159,0.9181585309999999,71.48602295,0.7982131840000001,,,0.474448889
3,2010,6.797901154,10.51168442,0.942954779,71.70446014,0.8497021790000001,,,0.401466221
3,2011,6.959185122999999,10.52742672,0.92128557,72.1006546,0.903366625,,,0.375089258
3,2012,6.649365425,10.52471447,0.93709743,71.97216034,0.8413203359999999,,,0.44062534
3,2013,6.66712141,10.52691746,0.9076908229999999,71.97216034,0.8777957559999999,,,0.395130515
3,2014,6.466867924,10.52445126,0.877504528,71.97216034,0.8034741879999999,,,0.26380172399999996
3,2015,6.357625007999999,10.53086185,0.895719409,71.97216034,0.8170362109999999,,,0.32825270300000003
3,2016,6.478,1.3948835130000001,1.0050801040000001,0.837949932,0.465618432,0.121603429,0.178082541,
3,2017,6.442,1.431,1.3880000000000001,0.8440000000000001,0.47,0.13,0.17300000000000001,
3,2018,6.489,1.2930000000000001,1.466,0.9079999999999999,0.52,0.098,0.17600000000000002,
4,2005,6.0063099860000015,10.30297661,0.836539447,69.45642853,0.7341718079999999,,,0.48754349399999997
4,2007,6.646961212000001,10.38387585,0.8080026509999999,69.63173676,0.575308859,,,0.38142845
4,2009,6.038574696,10.33440304,0.793317616,70.28807831,0.44310784299999995,,,0.316206783
4,2010,5.839558601,10.28106594,0.8684224490000001,70.46338654,0.484110981,,,0.236502409
4,2011,5.372039795,10.18801308,0.85155499,70.76483154,0.5281259420000001,,,0.17515121399999994
4,2012,5.0963540080000005,10.11494637,0.81214112,70.67931366,0.37261042,,,0.126218989
4,2013,4.720251083,10.08833885,0.686650038,70.67931366,0.42596653100000004,,,0.143608585
4,2014,4.75623703,10.10120773,0.832333207,70.67931366,0.369156331,,,0.18829274199999999
4,2015,5.622519016,10.09350872,0.834824681,70.67931366,0.531736314,,,0.437318921
4,2016,5.033,1.248862028,0.754731655,0.8002893329999999,0.058221195,0.0,0.041272469,
4,2017,5.227,1.2890000000000001,1.239,0.81,0.096,0.0,0.043,
4,2018,5.358,1.1540000000000001,1.202,0.879,0.131,0.0,0.044000000000000004,
8,2005,6.853783607,10.52217484,0.9280006890000001,71.05004883,0.802194953,,,0.238738
8,2007,6.574412346,10.54861927,0.912292421,71.62280273,0.684297025,,,0.30342415
8,2008,6.779774188999999,10.53144073,0.87966311,71.66785431,0.543076873,,,0.36311656200000003
8,2009,6.3338003160000005,10.47051144,0.880312502,71.80085754,0.700550497,,,0.399521708
8,2010,6.354238033,10.48439598,0.8723841309999999,72.15266418,0.737738907,,,0.333916396
8,2011,6.057086468,10.4885273,0.913309336,72.28565979,0.567738414,,,0.25955969100000004
8,2012,5.8393139839999995,10.45724773,0.86948663,72.33071136,0.570094943,,,0.28069460399999996
8,2013,6.009373665,10.42802715,0.916296065,72.37575531,0.499168754,,,0.145972148
8,2014,6.026585102,10.40544128,0.89789933,72.42080688,0.623531222,,,0.309035748
8,2015,5.847683907,10.39468098,0.9089865090000001,72.46585846,0.5747657420000001,,,0.260625869
8,2016,5.977,1.3549468519999999,1.0416674609999999,0.851017892,0.188266635,0.166838825,0.02555649,
8,2017,5.9639999999999995,1.395,1.445,0.853,0.256,0.17300000000000001,0.027999999999999997,
8,2018,6.0,1.264,1.501,0.946,0.281,0.13699999999999998,0.027999999999999997,
2,2005,7.463979244,10.6876421,0.9473579529999999,69.55049896,0.901007771,,,0.429006547
2,2007,7.4518795010000005,10.75475883,0.9438540940000001,70.20897675,0.8960180879999999,,,0.661945999
2,2008,7.631011963,10.7677145,0.9442022440000001,70.34366608,0.8832872509999999,,,0.617428839
2,2010,7.501875877000001,10.73296738,0.9565368890000001,70.73917389,0.921448231,,,0.636186302
2,2011,7.5637979510000015,10.74480247,0.938396096,71.17958832,0.92543155,,,0.603366792
2,2012,7.470715522999999,10.73047543,0.9388846759999999,71.09193420000003,0.8771186470000001,,,0.574513912
2,2013,7.406550407,10.72256088,0.9247054459999999,71.09193420000003,0.9189958570000001,,,0.542986929
2,2014,7.32118845,10.7296648,0.9089957479999999,71.09193420000003,0.910179615,,,0.525242269
2,2015,7.3244371410000015,10.74862385,0.8790104390000001,71.09193420000003,0.903978765,,,0.579621017
2,2016,7.338999999999999,1.46468389,1.02912271,0.812308967,0.552113593,0.474157631,0.29926806699999997,
2,2017,7.3770000000000024,1.504,1.429,0.8109999999999999,0.585,0.47,0.28300000000000003,
2,2018,7.441,1.361,1.4880000000000002,0.878,0.638,0.33299999999999996,0.295,
9,2005,5.587209225,9.740202904,0.9215276240000001,65.25549316,0.782473147,,,0.06876874
9,2007,5.886137486,9.871006966,0.912639678,65.4719696,0.772223353,,,0.18788348100000002
9,2009,5.7720274929999995,9.934649467,0.9167981740000001,65.86458588,0.820649087,,,0.284511507
9,2010,5.8870296479999995,9.973826407999999,0.95506531,66.34422302,0.794900477,,,0.333801061
9,2011,5.646204947999999,10.02215958,0.9045786259999999,66.77928162,0.868148923,,,0.27237618
9,2012,5.87593174,10.03765869,0.9359238740000001,66.82385254,0.811301708,,,0.26862874600000003
9,2013,5.746131897000001,10.05082989,0.911934912,66.86842346,0.775931358,,,0.163588136
9,2014,5.750282287999999,10.08480167,0.923642278,66.91298676,0.8753570909999999,,,0.252522856
9,2015,6.007021904,10.12024021,0.8930904270000001,66.95755768,0.793462157,,,0.211427912
9,2016,5.835,1.245846987,1.04684782,0.6905810240000001,0.45190239,0.144434735,0.054995815999999996,
9,2017,5.973,1.2919999999999998,1.446,0.6990000000000001,0.52,0.158,0.059000000000000004,
9,2018,6.1229999999999976,1.176,1.4480000000000002,0.7809999999999999,0.546,0.10800000000000001,0.064,
1,2005,7.152785777999999,10.41562176,0.9610428809999999,71.37150574,0.916164696,,,0.52784574
1,2007,6.994614601,10.4580965,0.9568585159999999,71.99684906,0.78208214,,,0.47624892
1,2008,7.294472693999999,10.45324135,0.9482705,72.26609039,0.83378607,,,0.579760432
1,2009,6.198601246,10.40799141,0.92945385,72.53316498,0.7485147120000001,,,0.424362034
1,2010,6.188262462999999,10.40352535,0.9499403829999999,72.66778564,0.7964955570000001,,,0.302731603
1,2011,6.518249035,10.38992119,0.944443703,73.42340851,0.8186509009999999,,,0.30866271300000003
1,2012,6.290690422000001,10.36271954,0.937023342,73.37998199,0.7545861009999999,,,0.339146554
1,2013,6.150027275,10.34913445,0.928640485,73.37998199,0.759356439,,,0.18454965899999998
1,2014,6.456477642,10.36728287,0.947864413,73.37998199,0.738472342,,,0.210619807
1,2015,6.380663395,10.402863499999999,0.95647186,73.37998199,0.73200047,,,0.277751327
1,2016,6.3610000000000015,1.342530847,1.129446745,0.878959715,0.37544730299999995,0.17664977899999998,0.061372794,
1,2017,6.403,1.3840000000000001,1.5319999999999998,0.889,0.409,0.19,0.071,
1,2018,6.31,1.251,1.538,0.965,0.449,0.142,0.07400000000000001,
10,2005,7.3763155939999985,10.62580776,0.9514698979999999,70.72361755,0.964395404,,,0.440848559
10,2007,7.241362572000001,10.69206524,0.916559398,71.03414917,0.90996182,,,0.562064052
10,2008,7.51599741,10.678689,0.923092127,71.20975494,0.9116092920000001,,,0.517427444
10,2009,7.265977382999999,10.61693096,0.902532995,71.430336,0.864004612,,,0.5903376339999999
10,2010,7.496018887000001,10.66657066,0.97024262,71.5181427,0.9046999809999999,,,0.602851212
10,2011,7.382232189,10.68531418,0.920521259,71.82653046,0.941115439,,,0.638707519
10,2012,7.560147762000001,10.67504883,0.929397464,71.74086761,0.944382191,,,0.6264972089999999
10,2013,7.434010506,10.67891121,0.915648043,71.74086761,0.935910523,,,0.579855025
10,2014,7.239147663,10.69271564,0.932719827,71.74086761,0.9452733990000001,,,0.563272059
10,2015,7.28892231,10.71233368,0.929459989,71.74086761,0.9350720640000001,,,0.49930203
10,2016,7.291,1.45181036,1.087640166,0.8312124009999999,0.5821848510000001,0.382537901,0.408665925,
10,2017,7.284,1.494,1.4780000000000002,0.831,0.613,0.385,0.384,
10,2018,7.314,1.355,1.501,0.9129999999999999,0.659,0.285,0.38299999999999995,
